division,day,active_cases,population,new_cases,recovered
1,0,826,8266,826,0
2,0,1697,16975,1697,0
3,0,389,3897,389,0
4,0,95,959,95,0
5,0,557,5571,557,0
6,0,14987,149881,14987,0
7,0,415,4159,415,0
8,0,2093,20942,2093,0
9,0,208,2089,208,0
10,0,974,9748,974,0
11,0,13660,136608,13660,0
12,0,671,6714,671,0
13,0,710,7105,710,0
14,0,292,2931,292,0
15,0,385,3861,385,0
16,0,739,7403,739,0
17,0,615,6161,615,0
18,0,144,1452,144,0
19,0,1203,12041,1203,0
1,1,1023,8266,197,0
2,1,2051,16975,354,0
3,1,462,3897,73,0
4,1,114,959,19,0
5,1,683,5571,126,0
6,1,17985,149881,2998,0
7,1,504,4159,89,0
8,1,2541,20942,448,0
9,1,245,2089,37,0
10,1,1168,9748,194,0
11,1,16455,136608,2795,0
12,1,792,6714,121,0
13,1,854,7105,144,0
14,1,347,2931,55,0
15,1,457,3861,72,0
16,1,895,7403,156,0
17,1,720,6161,105,0
18,1,174,1452,30,0
19,1,1451,12041,248,0
1,2,1164,8266,141,0
2,2,2401,16975,350,0
3,2,539,3897,77,0
4,2,134,959,20,0
5,2,804,5571,121,0
6,2,21148,149881,3163,0
7,2,586,4159,82,0
8,2,2954,20942,413,0
9,2,284,2089,39,0
10,2,1391,9748,223,0
11,2,19221,136608,2766,0
12,2,926,6714,134,0
13,2,999,7105,145,0
14,2,402,2931,55,0
15,2,544,3861,87,0
16,2,1044,7403,149,0
17,2,824,6161,104,0
18,2,219,1452,45,0
19,2,1703,12041,252,0
1,3,1341,8266,177,0
2,3,2739,16975,338,0
3,3,615,3897,76,0
4,3,164,959,30,0
5,3,924,5571,120,0
6,3,24294,149881,3146,0
7,3,673,4159,87,0
8,3,3391,20942,437,0
9,3,322,2089,38,0
10,3,1582,9748,191,0
11,3,22092,136608,2871,0
12,3,1065,6714,139,0
13,3,1128,7105,129,0
14,3,475,2931,73,0
15,3,635,3861,91,0
16,3,1216,7403,172,0
17,3,965,6161,141,0
18,3,247,1452,28,0
19,3,1967,12041,264,0
1,4,1532,8266,191,0
2,4,3127,16975,388,0
3,4,689,3897,74,0
4,4,182,959,18,0
5,4,1059,5571,135,0
6,4,27582,149881,3288,0
7,4,760,4159,87,0
8,4,3825,20942,434,0
9,4,366,2089,44,0
10,4,1787,9748,205,0
11,4,24975,136608,2883,0
12,4,1221,6714,156,0
13,4,1308,7105,180,0
14,4,544,2931,69,0
15,4,713,3861,78,0
16,4,1363,7403,147,0
17,4,1058,6161,93,0
18,4,276,1452,29,0
19,4,2247,12041,280,0
1,5,1738,8266,206,0
2,5,3485,16975,358,0
3,5,771,3897,82,0
4,5,200,959,18,0
5,5,1178,5571,119,0
6,5,31001,149881,3419,0
7,5,870,4159,110,0
8,5,4277,20942,452,0
9,5,408,2089,42,0
10,5,2006,9748,219,0
11,5,28152,136608,3177,0
12,5,1345,6714,124,0
13,5,1486,7105,178,0
14,5,598,2931,54,0
15,5,799,3861,86,0
16,5,1519,7403,156,0
17,5,1190,6161,132,0
18,5,313,1452,37,0
19,5,2514,12041,267,0
1,6,1921,8266,183,0
2,6,3883,16975,398,0
3,6,830,3897,59,0
4,6,225,959,25,0
5,6,1295,5571,117,0
6,6,34456,149881,3455,0
7,6,979,4159,109,0
8,6,4683,20942,406,0
9,6,461,2089,53,0
10,6,2255,9748,249,0
11,6,31316,136608,3164,0
12,6,1497,6714,152,0
13,6,1676,7105,190,0
14,6,650,2931,52,0
15,6,905,3861,106,0
16,6,1679,7403,160,0
17,6,1302,6161,112,0
18,6,351,1452,38,0
19,6,2801,12041,287,0
1,7,2121,8266,200,0
2,7,4306,16975,423,0
3,7,892,3897,62,0
4,7,248,959,23,0
5,7,1412,5571,117,0
6,7,37977,149881,3521,0
7,7,1085,4159,106,0
8,7,5148,20942,465,0
9,7,500,2089,39,0
10,7,2501,9748,246,0
11,7,34601,136608,3285,0
12,7,1661,6714,164,0
13,7,1843,7105,167,0
14,7,709,2931,59,0
15,7,981,3861,76,0
16,7,1863,7403,184,0
17,7,1431,6161,129,0
18,7,389,1452,38,0
19,7,3070,12041,269,0
1,8,2340,8266,219,0
2,8,4747,16975,441,0
3,8,971,3897,79,0
4,8,280,959,32,0
5,8,1555,5571,143,0
6,8,41569,149881,3592,0
7,8,1210,4159,125,0
8,8,5675,20942,527,0
9,8,554,2089,54,0
10,8,2774,9748,273,0
11,8,37950,136608,3349,0
12,8,1839,6714,178,0
13,8,2014,7105,171,0
14,8,783,2931,74,0
15,8,1073,3861,92,0
16,8,2019,7403,156,0
17,8,1557,6161,126,0
18,8,422,1452,33,0
19,8,3352,12041,282,0
1,9,2561,8266,221,826
2,9,5185,16975,438,1697
3,9,1065,3897,94,389
4,9,307,959,27,95
5,9,1697,5571,142,557
6,9,45200,149881,3631,14987
7,9,1319,4159,109,415
8,9,6143,20942,468,2093
9,9,583,2089,29,208
10,9,3044,9748,270,974
11,9,41508,136608,3558,13660
12,9,2036,6714,197,671
13,9,2196,7105,182,710
14,9,849,2931,66,292
15,9,1168,3861,95,385
16,9,2195,7403,176,739
17,9,1688,6161,131,615
18,9,453,1452,31,144
19,9,3674,12041,322,1203
1,10,1897,8266,162,1023
2,10,3836,16975,348,2051
3,10,740,3897,64,462
4,10,238,959,26,114
5,10,1264,5571,124,683
6,10,33248,149881,3035,17985
7,10,993,4159,89,504
8,10,4434,20942,384,2541
9,10,422,2089,47,245
10,10,2302,9748,232,1168
11,10,30875,136608,3027,16455
12,10,1505,6714,140,792
13,10,1618,7105,132,854
14,10,594,2931,37,347
15,10,872,3861,89,457
16,10,1602,7403,146,895
17,10,1187,6161,114,720
18,10,327,1452,18,174
19,10,2723,12041,252,1451
1,11,1883,8266,183,1164
2,11,3857,16975,375,2401
3,11,729,3897,62,539
4,11,237,959,18,134
5,11,1275,5571,137,804
6,11,33302,149881,3052,21148
7,11,1023,4159,119,586
8,11,4373,20942,387,2954
9,11,425,2089,40,284
10,11,2318,9748,210,1391
11,11,31005,136608,2925,19221
12,11,1529,6714,145,926
13,11,1607,7105,133,999
14,11,586,2931,47,402
15,11,891,3861,91,544
16,11,1581,7403,135,1044
17,11,1204,6161,122,824
18,11,316,1452,19,219
19,11,2734,12041,259,1703
1,12,1918,8266,176,1341
2,12,3873,16975,366,2739
3,12,706,3897,54,615
4,12,237,959,20,164
5,12,1277,5571,123,924
6,12,33023,149881,2884,24294
7,12,1032,4159,91,673
8,12,4354,20942,394,3391
9,12,438,2089,52,322
10,12,2304,9748,209,1582
11,12,31087,136608,2848,22092
12,12,1511,6714,116,1065
13,12,1606,7105,144,1128
14,12,578,2931,47,475
15,12,870,3861,66,635
16,12,1596,7403,164,1216
17,12,1216,6161,116,965
18,12,301,1452,30,247
19,12,2748,12041,266,1967
1,13,1912,8266,171,1532
2,13,3870,16975,335,3127
3,13,696,3897,66,689
4,13,224,959,17,182
5,13,1284,5571,127,1059
6,13,32708,149881,2831,27582
7,13,1027,4159,82,760
8,13,4297,20942,380,3825
9,13,444,2089,44,366
10,13,2319,9748,206,1787
11,13,31093,136608,2877,24975
12,13,1501,6714,129,1221
13,13,1636,7105,159,1308
14,13,553,2931,48,544
15,13,874,3861,95,713
16,13,1578,7403,154,1363
17,13,1154,6161,79,1058
18,13,302,1452,29,276
19,13,2735,12041,251,2247
1,14,1891,8266,170,1738
2,14,3824,16975,342,3485
3,14,680,3897,58,771
4,14,224,959,18,200
5,14,1278,5571,129,1178
6,14,32169,149881,2749,31001
7,14,1027,4159,87,870
8,14,4205,20942,342,4277
9,14,441,2089,41,408
10,14,2319,9748,205,2006
11,14,31021,136608,2811,28152
12,14,1466,6714,121,1345
13,14,1596,7105,140,1486
14,14,528,2931,44,598
15,14,887,3861,91,799
16,14,1551,7403,120,1519
17,14,1143,6161,82,1190
18,14,303,1452,30,313
19,14,2717,12041,262,2514
1,15,1860,8266,175,1921
2,15,3763,16975,297,3883
3,15,656,3897,58,830
4,15,225,959,19,225
5,15,1297,5571,138,1295
6,15,31549,149881,2799,34456
7,15,998,4159,81,979
8,15,4084,20942,331,4683
9,15,436,2089,37,461
10,15,2295,9748,195,2255
11,15,30565,136608,2721,31316
12,15,1477,6714,135,1497
13,15,1549,7105,131,1676
14,15,528,2931,54,650
15,15,875,3861,74,905
16,15,1555,7403,160,1679
17,15,1082,6161,71,1302
18,15,288,1452,22,351
19,15,2697,12041,247,2801
1,16,1864,8266,187,2121
2,16,3696,16975,331,4306
3,16,645,3897,48,892
4,16,214,959,14,248
5,16,1299,5571,119,1412
6,16,30840,149881,2746,37977
7,16,967,4159,78,1085
8,16,4042,20942,364,5148
9,16,418,2089,35,500
10,16,2257,9748,211,2501
11,16,30127,136608,2726,34601
12,16,1449,6714,124,1661
13,16,1483,7105,124,1843
14,16,546,2931,70,709
15,16,837,3861,68,981
16,16,1561,7403,166,1863
17,16,1042,6161,72,1431
18,16,267,1452,17,389
19,16,2668,12041,258,3070
1,17,1789,8266,125,2340
2,17,3587,16975,314,4747
3,17,631,3897,48,971
4,17,210,959,19,280
5,17,1300,5571,118,1555
6,17,30034,149881,2715,41569
7,17,927,4159,66,1210
8,17,3888,20942,311,5675
9,17,412,2089,33,554
10,17,2220,9748,209,2774
11,17,29508,136608,2666,37950
12,17,1400,6714,115,1839
13,17,1432,7105,116,2014
14,17,540,2931,53,783
15,17,822,3861,61,1073
16,17,1531,7403,154,2019
17,17,994,6161,81,1557
18,17,248,1452,19,422
19,17,2666,12041,267,3352
1,18,1692,8266,122,2561
2,18,3442,16975,296,5185
3,18,607,3897,55,1065
4,18,191,959,13,307
5,18,1274,5571,117,1697
6,18,28920,149881,2478,45200
7,18,861,4159,59,1319
8,18,3664,20942,303,6143
9,18,383,2089,25,583
10,18,2089,9748,142,3044
11,18,28759,136608,2600,41508
12,18,1321,6714,99,2036
13,18,1384,7105,123,2196
14,18,517,2931,51,849
15,18,777,3861,47,1168
16,18,1532,7403,157,2195
17,18,925,6161,57,1688
18,18,238,1452,23,453
19,18,2635,12041,251,3674
1,19,1614,8266,143,2723
2,19,3319,16975,315,5533
3,19,561,3897,48,1129
4,19,181,959,17,333
5,19,1237,5571,105,1821
6,19,27824,149881,2535,48235
7,19,831,4159,79,1408
8,19,3469,20942,273,6527
9,19,386,2089,32,630
10,19,1989,9748,170,3276
11,19,27725,136608,2524,44535
12,19,1238,6714,114,2176
13,19,1314,7105,112,2328
14,19,501,2931,50,886
15,19,747,3861,65,1257
16,19,1487,7403,131,2341
17,19,850,6161,56,1802
18,19,232,1452,25,471
19,19,2552,12041,239,3926
1,20,1572,8266,120,2906
2,20,3243,16975,272,5908
3,20,524,3897,27,1191
4,20,168,959,13,351
5,20,1246,5571,133,1958
6,20,27243,149881,2454,51287
7,20,805,4159,63,1527
8,20,3371,20942,286,6914
9,20,372,2089,33,670
10,20,1907,9748,150,3486
11,20,27342,136608,2644,47460
12,20,1230,6714,132,2321
13,20,1277,7105,95,2461
14,20,517,2931,53,933
15,20,712,3861,54,1348
16,20,1450,7403,109,2476
17,20,797,6161,61,1924
18,20,243,1452,29,490
19,20,2513,12041,213,4185
1,21,1507,8266,118,3082
2,21,3116,16975,248,6274
3,21,502,3897,40,1245
4,21,160,959,10,371
5,21,1226,5571,117,2081
6,21,26645,149881,2454,54171
7,21,741,4159,55,1618
8,21,3229,20942,245,7308
9,21,362,2089,30,722
10,21,1867,9748,170,3695
11,21,27012,136608,2595,50308
12,21,1203,6714,118,2437
13,21,1251,7105,107,2605
14,21,511,2931,41,980
15,21,686,3861,65,1414
16,21,1438,7403,123,2640
17,21,737,6161,62,2040
18,21,239,1452,15,520
19,21,2453,12041,199,4451
1,22,1455,8266,124,3253
2,22,3000,16975,250,6609
3,22,489,3897,41,1311
4,22,153,959,13,388
5,22,1205,5571,102,2208
6,22,26112,149881,2351,57002
7,22,719,4159,69,1700
8,22,3117,20942,282,7688
9,22,334,2089,24,766
10,22,1803,9748,145,3901
11,22,26563,136608,2399,53185
12,22,1201,6714,114,2566
13,22,1201,7105,94,2764
14,22,504,2931,40,1028
15,22,667,3861,47,1509
16,22,1391,7403,117,2794
17,22,671,6161,50,2119
18,22,232,1452,23,549
19,22,2424,12041,237,4702
1,23,1429,8266,145,3423
2,23,2930,16975,265,6951
3,23,446,3897,23,1369
4,23,155,959,19,406
5,23,1165,5571,87,2337
6,23,25546,149881,2265,59751
7,23,691,4159,54,1787
8,23,2986,20942,249,8030
9,23,312,2089,22,807
10,23,1751,9748,154,4106
11,23,25933,136608,2247,55996
12,23,1178,6714,106,2687
13,23,1139,7105,97,2904
14,23,494,2931,38,1072
15,23,627,3861,55,1600
16,23,1344,7403,107,2914
17,23,628,6161,36,2201
18,23,221,1452,18,579
19,23,2370,12041,197,4964
1,24,1361,8266,102,3598
2,24,2808,16975,220,7248
3,24,422,3897,34,1427
4,24,146,959,9,425
5,24,1141,5571,105,2475
6,24,25044,149881,2247,62550
7,24,659,4159,55,1868
8,24,2879,20942,235,8361
9,24,297,2089,26,844
10,24,1724,9748,178,4301
11,24,25316,136608,2194,58717
12,24,1153,6714,96,2822
13,24,1102,7105,103,3035
14,24,493,2931,43,1126
15,24,588,3861,52,1674
16,24,1318,7403,94,3074
17,24,602,6161,56,2272
18,24,216,1452,25,601
19,24,2351,12041,243,5211
1,25,1300,8266,114,3785
2,25,2715,16975,204,7579
3,25,393,3897,29,1475
4,25,138,959,11,439
5,25,1092,5571,89,2594
6,25,24373,149881,2128,65296
7,25,613,4159,35,1946
8,25,2778,20942,230,8725
9,25,291,2089,31,879
10,25,1686,9748,157,4512
11,25,24712,136608,2117,61443
12,25,1113,6714,95,2946
13,25,1063,7105,92,3159
14,25,478,2931,39,1196
15,25,555,3861,41,1742
16,25,1242,7403,84,3240
17,25,563,6161,32,2344
18,25,209,1452,15,618
19,25,2318,12041,214,5469
1,26,1213,8266,100,3910
2,26,2592,16975,208,7893
3,26,381,3897,36,1523
4,26,142,959,18,458
5,26,1067,5571,94,2712
6,26,23674,149881,2047,68011
7,26,567,4159,32,2012
8,26,2642,20942,228,9036
9,26,274,2089,18,912
10,26,1602,9748,127,4721
11,26,23858,136608,1872,64109
12,26,1072,6714,83,3061
13,26,1027,7105,88,3275
14,26,438,2931,30,1249
15,26,533,3861,46,1803
16,26,1172,7403,96,3394
17,26,542,6161,51,2425
18,26,208,1452,16,637
19,26,2249,12041,189,5736
1,27,1210,8266,122,4032
2,27,2456,16975,178,8189
3,27,351,3897,18,1578
4,27,129,959,6,471
5,27,1031,5571,82,2829
6,27,22812,149881,1853,70489
7,27,555,4159,54,2071
8,27,2574,20942,243,9339
9,27,258,2089,17,937
10,27,1500,9748,107,4863
11,27,22941,136608,1749,66709
12,27,1039,6714,82,3160
13,27,993,7105,82,3398
14,27,411,2931,26,1300
15,27,512,3861,40,1850
16,27,1133,7403,115,3551
17,27,500,6161,39,2482
18,27,202,1452,13,660
19,27,2173,12041,191,5987
1,28,1165,8266,77,4175
2,28,2339,16975,179,8504
3,28,326,3897,30,1626
4,28,125,959,9,488
5,28,984,5571,70,2934
6,28,22070,149881,1736,73024
7,28,536,4159,40,2150
8,28,2475,20942,204,9612
9,28,254,2089,21,969
10,28,1460,9748,102,5033
11,28,21860,136608,1519,69233
12,28,1023,6714,83,3274
13,28,959,7105,89,3510
14,28,385,2931,25,1350
15,28,526,3861,61,1915
16,28,1089,7403,113,3682
17,28,482,6161,39,2538
18,28,196,1452,17,685
19,28,2073,12041,151,6226
1,29,1102,8266,80,4295
2,29,2187,16975,163,8776
3,29,308,3897,30,1653
4,29,126,959,18,501
5,29,957,5571,78,3067
6,29,21168,149881,1633,75478
7,29,502,4159,45,2213
8,29,2376,20942,174,9898
9,29,252,2089,30,1002
10,29,1409,9748,119,5183
11,29,20733,136608,1397,71877
12,29,998,6714,89,3406
13,29,908,7105,61,3605
14,29,368,2931,33,1403
15,29,512,3861,51,1969
16,29,1044,7403,86,3791
17,29,461,6161,35,2599
18,29,183,1452,12,714
19,29,2010,12041,176,6439
1,30,1071,8266,89,4413
2,30,2090,16975,175,9024
3,30,317,3897,36,1693
4,30,125,959,12,511
5,30,876,5571,52,3184
6,30,20278,149881,1564,77932
7,30,482,4159,43,2268
8,30,2273,20942,183,10143
9,30,242,2089,23,1032
10,30,1352,9748,93,5353
11,30,19318,136608,1229,74472
12,30,938,6714,72,3524
13,30,899,7105,86,3712
14,30,340,2931,25,1444
15,30,502,3861,44,2034
16,30,1020,7403,85,3914
17,30,441,6161,41,2661
18,30,164,1452,10,729
19,30,1952,12041,155,6638
1,31,1032,8266,79,4537
2,31,1985,16975,143,9274
3,31,305,3897,28,1734
4,31,128,959,13,524
5,31,809,5571,50,3286
6,31,19148,149881,1324,80283
7,31,476,4159,49,2337
8,31,2198,20942,170,10425
9,31,221,2089,9,1056
10,31,1254,9748,72,5498
11,31,17728,136608,1005,76871
12,31,872,6714,52,3638
13,31,871,7105,79,3806
14,31,326,2931,27,1484
15,31,475,3861,38,2081
16,31,964,7403,67,4031
17,31,422,6161,43,2711
18,31,176,1452,27,752
19,31,1940,12041,187,6875
1,32,980,8266,72,4682
2,32,1859,16975,124,9539
3,32,294,3897,30,1757
4,32,124,959,9,543
5,32,765,5571,58,3373
6,32,17967,149881,1170,82548
7,32,458,4159,51,2391
8,32,2068,20942,152,10674
9,32,213,2089,16,1078
10,32,1184,9748,75,5652
11,32,16313,136608,984,79118
12,32,830,6714,72,3744
13,32,828,7105,51,3903
14,32,306,2931,20,1522
15,32,480,3861,52,2136
16,32,924,7403,77,4138
17,32,420,6161,48,2747
18,32,163,1452,10,770
19,32,1852,12041,149,7072
1,33,901,8266,66,4784
2,33,1725,16975,131,9759
3,33,295,3897,24,1791
4,33,121,959,16,552
5,33,740,5571,62,3478
6,33,16738,149881,1036,84795
7,33,446,4159,42,2446
8,33,1953,20942,134,10909
9,33,204,2089,13,1104
10,33,1076,9748,46,5830
11,33,14920,136608,854,81312
12,33,794,6714,70,3840
13,33,805,7105,74,4006
14,33,289,2931,21,1565
15,33,461,3861,36,2188
16,33,886,7403,69,4232
17,33,436,6161,52,2803
18,33,156,1452,11,795
19,33,1816,12041,161,7315
1,34,862,8266,63,4898
2,34,1611,16975,106,9963
3,34,282,3897,21,1820
4,34,118,959,6,563
5,34,685,5571,50,3567
6,34,15448,149881,957,86923
7,34,421,4159,30,2481
8,34,1858,20942,140,11139
9,34,188,2089,10,1135
10,34,939,9748,41,5987
11,34,13433,136608,707,83429
12,34,750,6714,52,3935
13,34,755,7105,53,4098
14,34,265,2931,19,1604
15,34,440,3861,31,2229
16,34,842,7403,50,4316
17,34,420,6161,40,2835
18,34,143,1452,12,810
19,34,1745,12041,172,7529
1,35,806,8266,58,4998
2,35,1527,16975,120,10171
3,35,284,3897,31,1856
4,35,115,959,8,581
5,35,665,5571,69,3661
6,35,14071,149881,751,88970
7,35,417,4159,31,2513
8,35,1751,20942,123,11367
9,35,172,2089,15,1153
10,35,821,9748,39,6114
11,35,11962,136608,646,85301
12,35,695,6714,40,4018
13,35,719,7105,56,4186
14,35,254,2931,28,1634
15,35,431,3861,32,2275
16,35,808,7403,50,4412
17,35,420,6161,32,2886
18,35,132,1452,4,826
19,35,1680,12041,149,7718
1,36,764,8266,58,5120
2,36,1399,16975,80,10349
3,36,273,3897,25,1874
4,36,101,959,4,587
5,36,621,5571,50,3743
6,36,12717,149881,693,90823
7,36,418,4159,33,2567
8,36,1632,20942,109,11610
9,36,163,2089,9,1170
10,36,736,9748,42,6221
11,36,10665,136608,575,87050
12,36,654,6714,42,4100
13,36,703,7105,72,4268
14,36,250,2931,26,1660
15,36,415,3861,30,2315
16,36,765,7403,53,4527
17,36,394,6161,25,2925
18,36,128,1452,12,839
19,36,1652,12041,161,7909
1,37,691,8266,49,5197
2,37,1282,16975,61,10528
3,37,270,3897,15,1904
4,37,108,959,13,596
5,37,581,5571,42,3813
6,37,11541,149881,677,92559
7,37,398,4159,34,2607
8,37,1490,20942,101,11814
9,37,158,2089,12,1191
10,37,652,9748,23,6323
11,37,9453,136608,537,88569
12,37,605,6714,33,4183
13,37,685,7105,64,4357
14,37,248,2931,24,1685
15,37,408,3861,33,2376
16,37,711,7403,61,4640
17,37,396,6161,41,2964
18,37,125,1452,10,856
19,37,1651,12041,190,8060
1,38,673,8266,59,5277
2,38,1159,16975,56,10691
3,38,256,3897,16,1934
4,38,112,959,13,614
5,38,564,5571,53,3891
6,38,10337,149881,532,94192
7,38,372,4159,14,2652
8,38,1376,20942,90,11988
9,38,149,2089,12,1221
10,38,587,9748,37,6442
11,38,8392,136608,458,89966
12,38,558,6714,36,4272
13,38,638,7105,42,4418
14,38,260,2931,37,1718
15,38,379,3861,32,2427
16,38,637,7403,39,4726
17,38,386,6161,29,2999
18,38,112,1452,4,868
19,38,1700,12041,200,8236
1,39,642,8266,49,5366
2,39,1058,16975,62,10866
3,39,254,3897,28,1970
4,39,102,959,8,626
5,39,555,5571,69,3943
6,39,9252,149881,548,95756
7,39,352,4159,25,2695
8,39,1281,20942,79,12171
9,39,130,2089,11,1244
10,39,501,9748,33,6535
11,39,7376,136608,381,91195
12,39,518,6714,49,4344
13,39,621,7105,44,4504
14,39,265,2931,38,1743
15,39,368,3861,40,2471
16,39,595,7403,44,4811
17,39,375,6161,24,3040
18,39,105,1452,5,878
19,39,1893,12041,369,8391
1,40,587,8266,34,5445
2,40,975,16975,92,11009
3,40,236,3897,18,1998
4,40,95,959,5,639
5,40,583,5571,80,3993
6,40,8204,149881,516,97080
7,40,326,4159,17,2744
8,40,1174,20942,76,12341
9,40,122,2089,15,1253
10,40,429,9748,21,6607
11,40,6551,136608,404,92200
12,40,473,6714,27,4396
13,40,581,7105,46,4583
14,40,261,2931,21,1770
15,40,358,3861,34,2509
16,40,557,7403,47,4878
17,40,348,6161,14,3083
18,40,107,1452,12,905
19,40,3650,12041,1912,8578
1,41,562,8266,54,5517
2,41,866,16975,34,11133
3,41,232,3897,24,2028
4,41,93,959,11,648
5,41,665,5571,132,4051
6,41,7389,149881,509,98250
7,41,288,4159,11,2795
8,41,1093,20942,89,12493
9,41,125,2089,12,1269
10,41,388,9748,31,6682
11,41,5876,136608,330,93184
12,41,449,6714,28,4468
13,41,536,7105,34,4634
14,41,259,2931,25,1790
15,41,364,3861,44,2561
16,41,520,7403,30,4955
17,41,325,6161,20,3131
18,41,88,1452,8,915
19,41,3463,12041,0,8727
1,42,523,8266,33,5583
2,42,794,16975,52,11264
3,42,224,3897,22,2052
4,42,89,959,5,664
5,42,1520,5571,913,4113
6,42,6670,149881,451,99286
7,42,248,4159,11,2837
8,42,1009,20942,68,12627
9,42,113,2089,4,1282
10,42,331,9748,18,6728
11,42,5251,136608,359,94038
12,42,410,6714,33,4538
13,42,517,7105,32,4708
14,42,260,2931,21,1811
15,42,352,3861,40,2597
16,42,475,7403,32,5024
17,42,290,6161,13,3183
18,42,81,1452,3,926
19,42,3314,12041,0,8888
1,43,482,8266,25,5646
2,43,696,16975,33,11370
3,43,214,3897,14,2073
4,43,87,959,14,670
5,43,1458,5571,0,4163
6,43,6006,149881,372,100243
7,43,218,4159,12,2867
8,43,943,20942,68,12767
9,43,107,2089,7,1292
10,43,318,9748,33,6769
11,43,4674,136608,277,94745
12,43,344,6714,4,4590
13,43,464,7105,21,4761
14,43,278,2931,39,1830
15,43,338,3861,22,2628
16,43,424,7403,18,5074
17,43,248,6161,10,3223
18,43,82,1452,12,938
19,43,3153,12041,0,9060
1,44,476,8266,57,5704
2,44,647,16975,57,11490
3,44,199,3897,6,2104
4,44,97,959,16,678
5,44,1408,5571,0,4232
6,44,5400,149881,351,100994
7,44,204,4159,16,2898
8,44,869,20942,66,12890
9,44,101,2089,4,1307
10,44,292,9748,15,6808
11,44,4255,136608,288,95391
12,44,333,6714,41,4630
13,44,436,7105,25,4817
14,44,271,2931,12,1858
15,44,327,3861,20,2660
16,44,397,7403,23,5124
17,44,227,6161,19,3255
18,44,77,1452,7,942
19,44,2981,12041,0,9209
1,45,461,8266,43,5762
2,45,578,16975,51,11570
3,45,175,3897,7,2129
4,45,101,959,12,682
5,45,1339,5571,0,4282
6,45,4962,149881,313,101687
7,45,202,4159,29,2931
8,45,780,20942,34,12999
9,45,91,2089,5,1316
10,45,286,9748,33,6850
11,45,3837,136608,228,95966
12,45,324,6714,31,4672
13,45,403,7105,23,4889
14,45,267,2931,24,1884
15,45,316,3861,21,2690
16,45,359,7403,12,5177
17,45,208,6161,13,3280
18,45,78,1452,5,954
19,45,2832,12041,0,9370
1,46,447,8266,44,5811
2,46,519,16975,21,11631
3,46,162,3897,12,2144
4,46,104,959,7,695
5,46,1289,5571,0,4324
6,46,4528,149881,259,102364
7,46,180,4159,11,2965
8,46,711,20942,40,13100
9,46,89,2089,7,1328
10,46,268,9748,24,6873
11,46,3544,136608,282,96503
12,46,297,6714,15,4705
13,46,356,7105,25,4953
14,46,255,2931,14,1908
15,46,316,3861,30,2723
16,46,342,7403,36,5238
17,46,204,6161,21,3321
18,46,67,1452,1,964
19,46,2671,12041,0,9560
1,47,436,8266,38,5870
2,47,479,16975,21,11687
3,47,161,3897,14,2160
4,47,108,959,17,708
5,47,1247,5571,0,4377
6,47,4147,149881,296,102896
7,47,161,4159,15,2979
8,47,663,20942,53,13190
9,47,79,2089,2,1340
10,47,275,9748,30,6910
11,47,3267,136608,260,96961
12,47,282,6714,18,4741
13,47,334,7105,42,4995
14,47,254,2931,23,1945
15,47,301,3861,18,2755
16,47,303,7403,22,5277
17,47,173,6161,10,3350
18,47,61,1452,4,968
19,47,2481,12041,0,9760
1,48,418,8266,41,5919
2,48,446,16975,23,11749
3,48,155,3897,10,2188
4,48,251,959,156,716
5,48,1194,5571,0,4446
6,48,3913,149881,298,103444
7,48,163,4159,16,3004
8,48,604,20942,31,13269
9,48,69,2089,2,1351
10,48,248,9748,10,6943
11,48,3058,136608,249,97342
12,48,286,6714,40,4790
13,48,319,7105,27,5039
14,48,254,2931,37,1983
15,48,299,3861,30,2795
16,48,276,7403,12,5321
17,48,152,6161,8,3374
18,48,60,1452,3,973
19,48,2281,12041,0,10129
1,49,397,8266,28,5953
2,49,403,16975,19,11841
3,49,135,3897,8,2206
4,49,243,959,0,721
5,49,1125,5571,0,4526
6,49,3611,149881,246,103960
7,49,162,4159,24,3021
8,49,572,20942,47,13345
9,49,60,2089,2,1366
10,49,231,9748,16,6964
11,49,2887,136608,210,97746
12,49,267,6714,30,4817
13,49,307,7105,32,5085
14,49,227,2931,11,2004
15,49,289,3861,30,2829
16,49,239,7403,7,5368
17,49,139,6161,11,3388
18,49,65,1452,10,985
19,49,1912,12041,0,12041
1,50,398,8266,35,6007
2,50,328,16975,17,11875
3,50,120,3897,3,2230
4,50,238,959,0,732
5,50,1045,5571,0,4658
6,50,3331,149881,236,104469
7,50,160,4159,15,3032
8,50,535,20942,39,13434
9,50,52,2089,7,1378
10,50,236,9748,26,6995
11,50,2681,136608,198,98076
12,50,261,6714,21,4845
13,50,308,7105,47,5119
14,50,232,2931,26,2029
15,50,315,3861,60,2873
16,50,212,7403,20,5398
17,50,136,6161,11,3408
18,50,53,1452,0,993
19,50,0,12041,0,12041
1,51,384,8266,40,6040
2,51,300,16975,6,11927
3,51,106,3897,10,2252
4,51,227,959,0,737
5,51,913,5571,0,5571
6,51,3021,149881,199,104920
7,51,164,4159,15,3043
8,51,478,20942,32,13502
9,51,47,2089,7,1382
10,51,228,9748,23,7013
11,51,2542,136608,191,98435
12,51,248,6714,15,4878
13,51,303,7105,29,5151
14,51,236,2931,29,2050
15,51,345,3861,74,2913
16,51,189,7403,7,5430
17,51,122,6161,6,3421
18,51,45,1452,0,996
19,51,0,12041,0,12041
1,52,383,8266,32,6065
2,52,268,16975,20,11960
3,52,86,3897,2,2266
4,52,222,959,0,751
5,52,0,5571,0,5571
6,52,2746,149881,176,105292
7,52,155,4159,2,3055
8,52,442,20942,32,13570
9,52,49,2089,6,1389
10,52,232,9748,22,7046
11,52,2316,136608,133,98712
12,52,222,6714,7,4882
13,52,297,7105,26,5172
14,52,225,2931,10,2089
15,52,948,3861,643,2935
16,52,170,7403,13,5448
17,52,120,6161,11,3431
18,52,42,1452,0,1008
19,52,0,12041,0,12041
1,53,395,8266,37,6122
2,53,243,16975,8,12017
3,53,73,3897,1,2272
4,53,208,959,0,767
5,53,0,5571,0,5571
6,53,2551,149881,177,105643
7,53,153,4159,10,3071
8,53,403,20942,29,13636
9,53,42,2089,0,1393
10,53,221,9748,22,7061
11,53,2254,136608,215,99000
12,53,243,6714,25,4923
13,53,308,7105,32,5197
14,53,211,2931,25,2101
15,53,926,3861,0,2955
16,53,159,7403,7,5471
17,53,126,6161,16,3450
18,53,36,1452,6,1015
19,53,0,12041,0,12041
1,54,359,8266,21,6165
2,54,214,16975,28,12068
3,54,71,3897,4,2279
4,54,192,959,0,779
5,54,0,5571,0,5571
6,54,2365,149881,165,105956
7,54,168,4159,31,3100
8,54,347,20942,10,13670
9,54,41,2089,3,1398
10,54,219,9748,13,7094
11,54,2108,136608,142,99228
12,54,229,6714,27,4954
13,54,315,7105,32,5220
14,54,230,2931,31,2125
15,54,906,3861,0,2976
16,54,152,7403,16,5483
17,54,112,6161,5,3463
18,54,29,1452,0,1020
19,54,0,12041,0,12041
1,55,343,8266,27,6209
2,55,191,16975,28,12089
3,55,70,3897,6,2291
4,55,180,959,0,786
5,55,0,5571,0,5571
6,55,2174,149881,122,106215
7,55,178,4159,39,3111
8,55,333,20942,20,13710
9,55,43,2089,7,1405
10,55,204,9748,18,7118
11,55,2007,136608,127,99510
12,55,220,6714,22,4969
13,55,309,7105,17,5245
14,55,254,2931,48,2139
15,55,885,3861,0,3006
16,55,160,7403,20,5519
17,55,114,6161,15,3484
18,55,28,1452,4,1021
19,55,0,12041,0,12041
1,56,363,8266,64,6247
2,56,176,16975,6,12110
3,56,60,3897,2,2305
4,56,173,959,0,803
5,56,0,5571,0,5571
6,56,2079,149881,164,106511
7,56,198,4159,31,3126
8,56,314,20942,21,13763
9,56,38,2089,2,1407
10,56,200,9748,20,7148
11,56,1894,136608,169,99770
12,56,223,6714,18,4987
13,56,303,7105,19,5287
14,56,342,2931,102,2162
15,56,855,3861,0,3024
16,56,134,7403,10,5541
17,56,97,6161,4,3494
18,56,30,1452,3,1025
19,56,0,12041,0,12041
1,57,376,8266,51,6288
2,57,171,16975,16,12133
3,57,51,3897,5,2315
4,57,156,959,0,959
5,57,0,5571,0,5571
6,57,1939,149881,156,106809
7,57,224,4159,41,3142
8,57,286,20942,25,13794
9,57,36,2089,0,1409
10,57,179,9748,9,7158
11,57,1770,136608,136,100019
12,57,222,6714,17,5027
13,57,297,7105,36,5314
14,57,769,2931,450,2199
15,57,837,3861,0,3054
16,57,117,7403,5,5553
17,57,96,6161,9,3502
18,57,27,1452,1,1028
19,57,0,12041,0,12041
1,58,392,8266,57,6316
2,58,159,16975,11,12152
3,58,42,3897,1,2323
4,58,0,959,0,959
5,58,0,5571,0,5571
6,58,1794,149881,153,107055
7,58,284,4159,76,3166
8,58,272,20942,17,13841
9,58,34,2089,0,1411
10,58,193,9748,24,7174
11,58,1653,136608,132,100229
12,58,202,6714,20,5057
13,58,294,7105,24,5346
14,58,732,2931,0,2210
15,58,807,3861,0,3084
16,58,112,7403,7,5560
17,58,89,6161,1,3513
18,58,28,1452,4,1038
19,58,0,12041,0,12041
1,59,466,8266,102,6351
2,59,144,16975,4,12169
3,59,38,3897,4,2326
4,59,0,959,0,959
5,59,0,5571,0,5571
6,59,1717,149881,169,107291
7,59,437,4159,177,3181
8,59,238,20942,13,13880
9,59,32,2089,0,1418
10,59,185,9748,8,7200
11,59,1601,136608,158,100427
12,59,187,6714,15,5078
13,59,295,7105,33,5393
14,59,721,2931,0,2236
15,59,777,3861,0,3144
16,59,108,7403,3,5580
17,59,83,6161,5,3524
18,59,18,1452,0,1038
19,59,0,12041,0,12041
1,60,562,8266,131,6391
2,60,132,16975,5,12175
3,60,39,3897,4,2336
4,60,0,959,0,959
5,60,0,5571,0,5571
6,60,1632,149881,151,107490
7,60,978,4159,556,3196
8,60,216,20942,17,13912
9,60,25,2089,0,1425
10,60,193,9748,34,7223
11,60,1525,136608,122,100618
12,60,172,6714,6,5093
13,60,273,7105,25,5422
14,60,695,2931,0,2265
15,60,717,3861,0,3218
16,60,105,7403,17,5587
17,60,86,6161,14,3530
18,60,18,1452,0,1038
19,60,0,12041,0,12041
1,61,1875,8266,1353,6423
2,61,127,16975,1,12195
3,61,29,3897,0,2338
4,61,0,959,0,959
5,61,0,5571,0,5571
6,61,1551,149881,118,107666
7,61,963,4159,0,3198
8,61,194,20942,10,13944
9,61,19,2089,1,1431
10,61,192,9748,22,7245
11,61,1450,136608,116,100751
12,61,171,6714,14,5100
13,61,269,7105,25,5448
14,61,666,2931,0,2275
15,61,643,3861,0,3861
16,61,102,7403,4,5600
17,61,84,6161,4,3541
18,61,24,1452,6,1038
19,61,0,12041,0,12041
1,62,1843,8266,0,6460
2,62,116,16975,9,12203
3,62,28,3897,1,2339
4,62,0,959,0,959
5,62,0,5571,0,5571
6,62,1480,149881,105,107843
7,62,961,4159,0,3208
8,62,169,20942,7,13973
9,62,14,2089,1,1431
10,62,185,9748,15,7267
11,62,1429,136608,112,100966
12,62,196,6714,32,5125
13,62,259,7105,16,5480
14,62,656,2931,0,2300
15,62,0,3861,0,3861
16,62,93,7403,4,5607
17,62,82,6161,9,3557
18,62,24,1452,0,1044
19,62,0,12041,0,12041
1,63,1806,8266,0,6481
2,63,121,16975,13,12231
3,63,28,3897,1,2343
4,63,0,959,0,959
5,63,0,5571,0,5571
6,63,1371,149881,68,108008
7,63,951,4159,0,3239
8,63,155,20942,15,13983
9,63,14,2089,0,1434
10,63,168,9748,5,7280
11,63,1337,136608,123,101108
12,63,190,6714,19,5152
13,63,257,7105,30,5512
14,63,631,2931,0,2331
15,63,0,3861,0,3861
16,63,95,7403,9,5623
17,63,71,6161,5,3562
18,63,18,1452,0,1044
19,63,0,12041,0,12041
1,64,1785,8266,0,6508
2,64,96,16975,3,12259
3,64,27,3897,3,2349
4,64,0,959,0,959
5,64,0,5571,0,5571
6,64,1267,149881,61,108130
7,64,920,4159,0,3278
8,64,155,20942,10,14003
9,64,14,2089,3,1441
10,64,174,9748,19,7298
11,64,1318,136608,123,101235
12,64,181,6714,18,5174
13,64,235,7105,10,5529
14,64,600,2931,0,2379
15,64,0,3861,0,3861
16,64,91,7403,12,5643
17,64,69,6161,3,3577
18,64,18,1452,0,1048
19,64,0,12041,0,12041
1,65,1758,8266,0,6572
2,65,72,16975,4,12265
3,65,23,3897,2,2351
4,65,0,959,0,959
5,65,0,5571,0,5571
6,65,1209,149881,64,108294
7,65,881,4159,0,3309
8,65,142,20942,7,14024
9,65,16,2089,9,1443
10,65,163,9748,7,7318
11,65,1310,136608,119,101404
12,65,178,6714,19,5192
13,65,237,7105,19,5548
14,65,552,2931,0,2481
15,65,0,3861,0,3861
16,65,83,7403,12,5653
17,65,61,6161,7,3581
18,65,16,1452,2,1051
19,65,0,12041,0,12041
1,66,1694,8266,0,6623
2,66,67,16975,1,12281
3,66,25,3897,4,2356
4,66,0,959,0,959
5,66,0,5571,0,5571
6,66,1113,149881,68,108450
7,66,850,4159,0,3350
8,66,131,20942,10,14049
9,66,17,2089,3,1443
10,66,159,9748,16,7327
11,66,1220,136608,79,101540
12,66,179,6714,19,5209
13,66,232,7105,14,5584
14,66,450,2931,0,2931
15,66,0,3861,0,3861
16,66,75,7403,2,5658
17,66,60,6161,3,3590
18,66,13,1452,0,1052
19,66,0,12041,0,12041
1,67,1643,8266,0,6680
2,67,58,16975,7,12292
3,67,20,3897,0,2357
4,67,0,959,0,959
5,67,0,5571,0,5571
6,67,1007,149881,50,108603
7,67,809,4159,0,3426
8,67,119,20942,13,14066
9,67,17,2089,0,1443
10,67,161,9748,11,7351
11,67,1207,136608,123,101672
12,67,217,6714,55,5229
13,67,222,7105,26,5608
14,67,0,2931,0,2931
15,67,0,3861,0,3861
16,67,78,7403,8,5665
17,67,51,6161,0,3591
18,67,12,1452,0,1056
19,67,0,12041,0,12041
1,68,1586,8266,0,6782
2,68,52,16975,5,12296
3,68,23,3897,4,2361
4,68,0,959,0,959
5,68,0,5571,0,5571
6,68,911,149881,57,108772
7,68,733,4159,0,3603
8,68,108,20942,6,14079
9,68,17,2089,0,1443
10,68,146,9748,9,7359
11,68,1196,136608,121,101830
12,68,227,6714,30,5244
13,68,213,7105,15,5641
14,68,0,2931,0,2931
15,68,0,3861,0,3861
16,68,86,7403,15,5668
17,68,51,6161,1,3596
18,68,8,1452,0,1056
19,68,0,12041,0,12041
1,69,1484,8266,0,6913
2,69,54,16975,6,12301
3,69,20,3897,1,2365
4,69,0,959,0,959
5,69,0,5571,0,5571
6,69,808,149881,66,108923
7,69,556,4159,0,4159
8,69,104,20942,9,14096
9,69,17,2089,0,1443
10,69,147,9748,9,7393
11,69,1134,136608,96,101952
12,69,240,6714,28,5250
13,69,268,7105,88,5666
14,69,0,2931,0,2931
15,69,0,3861,0,3861
16,69,88,7403,5,5685
17,69,46,6161,0,3610
18,69,10,1452,2,1056
19,69,0,12041,0,12041
1,70,1353,8266,0,8266
2,70,49,16975,0,12302
3,70,27,3897,11,2365
4,70,0,959,0,959
5,70,0,5571,0,5571
6,70,707,149881,50,109041
7,70,0,4159,0,4159
8,70,91,20942,4,14106
9,70,17,2089,0,1444
10,70,130,9748,17,7415
11,70,1109,136608,97,102068
12,70,294,6714,60,5264
13,70,1439,7105,1196,5691
14,70,0,2931,0,2931
15,70,0,3861,0,3861
16,70,102,7403,31,5689
17,70,37,6161,5,3614
18,70,10,1452,0,1062
19,70,0,12041,0,12041
1,71,0,8266,0,8266
2,71,48,16975,0,12311
3,71,28,3897,1,2366
4,71,0,959,0,959
5,71,0,5571,0,5571
6,71,657,149881,68,109146
7,71,0,4159,0,4159
8,71,95,20942,14,14113
9,71,19,2089,3,1445
10,71,113,9748,5,7430
11,71,1057,136608,64,102180
12,71,380,6714,100,5296
13,71,1414,7105,0,5707
14,71,0,2931,0,2931
15,71,0,3861,0,3861
16,71,108,7403,10,5693
17,71,36,6161,3,3623
18,71,4,1452,0,1062
19,71,0,12041,0,12041
1,72,0,8266,0,8266
2,72,39,16975,0,12324
3,72,29,3897,2,2367
4,72,0,959,0,959
5,72,0,5571,0,5571
6,72,607,149881,55,109214
7,72,0,4159,0,4159
8,72,93,20942,5,14128
9,72,20,2089,2,1445
10,72,109,9748,11,7435
11,72,1047,136608,102,102303
12,72,1418,6714,1070,5315
13,72,1398,7105,0,5737
14,72,0,2931,0,2931
15,72,0,3861,0,3861
16,72,104,7403,0,5702
17,72,27,6161,0,3628
18,72,5,1452,1,1062
19,72,0,12041,0,12041
1,73,0,8266,0,8266
2,73,26,16975,0,12327
3,73,28,3897,0,2370
4,73,0,959,0,959
5,73,0,5571,0,5571
6,73,577,149881,38,109275
7,73,0,4159,0,4159
8,73,86,20942,8,14138
9,73,22,2089,2,1448
10,73,148,9748,44,7454
11,73,996,136608,72,102426
12,73,1399,6714,0,5333
13,73,1368,7105,0,5747
14,73,0,2931,0,2931
15,73,0,3861,0,3861
16,73,100,7403,5,5714
17,73,22,6161,0,3631
18,73,5,1452,0,1062
19,73,0,12041,0,12041
1,74,0,8266,0,8266
2,74,24,16975,1,12331
3,74,28,3897,3,2372
4,74,0,959,0,959
5,74,0,5571,0,5571
6,74,562,149881,46,109339
7,74,0,4159,0,4159
8,74,79,20942,3,14145
9,74,20,2089,1,1457
10,74,146,9748,17,7461
11,74,972,136608,99,102545
12,74,1381,6714,0,5352
13,74,1358,7105,0,5766
14,74,0,2931,0,2931
15,74,0,3861,0,3861
16,74,108,7403,20,5726
17,74,19,6161,0,3638
18,74,5,1452,0,1064
19,74,0,12041,0,12041
1,75,0,8266,0,8266
2,75,20,16975,0,12332
3,75,28,3897,2,2376
4,75,0,959,0,959
5,75,0,5571,0,5571
6,75,536,149881,38,109407
7,75,0,4159,0,4159
8,75,79,20942,7,14155
9,75,11,2089,0,1460
10,75,166,9748,27,7477
11,75,949,136608,96,102624
12,75,1362,6714,0,5371
13,75,1339,7105,0,5780
14,75,0,2931,0,2931
15,75,0,3861,0,3861
16,75,114,7403,18,5728
17,75,14,6161,2,3641
18,75,3,1452,0,1064
19,75,0,12041,0,12041
1,76,0,8266,0,8266
2,76,19,16975,0,12339
3,76,28,3897,4,2376
4,76,0,959,0,959
5,76,0,5571,0,5571
6,76,497,149881,29,109457
7,76,0,4159,0,4159
8,76,78,20942,9,14168
9,76,12,2089,4,1460
10,76,197,9748,47,7488
11,76,964,136608,94,102747
12,76,1343,6714,0,5426
13,76,1325,7105,0,5806
14,76,0,2931,0,2931
15,76,0,3861,0,3861
16,76,129,7403,17,5736
17,76,13,6161,2,3641
18,76,4,1452,1,1064
19,76,0,12041,0,12041
1,77,0,8266,0,8266
2,77,14,16975,2,12344
3,77,32,3897,4,2380
4,77,0,959,0,959
5,77,0,5571,0,5571
6,77,516,149881,69,109514
7,77,0,4159,0,4159
8,77,67,20942,2,14174
9,77,12,2089,0,1460
10,77,199,9748,13,7497
11,77,896,136608,55,102868
12,77,1288,6714,0,5456
13,77,1299,7105,0,5821
14,77,0,2931,0,2931
15,77,0,3861,0,3861
16,77,129,7403,8,5751
17,77,14,6161,1,3642
18,77,4,1452,0,1064
19,77,0,12041,0,12041
1,78,0,8266,0,8266
2,78,9,16975,0,12350
3,78,30,3897,2,2381
4,78,0,959,0,959
5,78,0,5571,0,5571
6,78,516,149881,57,109580
7,78,0,4159,0,4159
8,78,82,20942,21,14183
9,78,15,2089,3,1460
10,78,209,9748,19,7506
11,78,834,136608,59,102964
12,78,1258,6714,0,5484
13,78,1284,7105,0,5909
14,78,0,2931,0,2931
15,78,0,3861,0,3861
16,78,137,7403,23,5756
17,78,13,6161,0,3642
18,78,4,1452,0,1066
19,78,0,12041,0,12041
1,79,0,8266,0,8266
2,79,5,16975,2,12350
3,79,29,3897,0,2392
4,79,0,959,0,959
5,79,0,5571,0,5571
6,79,486,149881,36,109630
7,79,0,4159,0,4159
8,79,80,20942,7,14187
9,79,15,2089,0,1460
10,79,203,9748,3,7523
11,79,814,136608,76,103061
12,79,1230,6714,0,5544
13,79,1196,7105,0,7105
14,79,0,2931,0,2931
15,79,0,3861,0,3861
16,79,138,7403,6,5787
17,79,13,6161,0,3647
18,79,6,1452,4,1066
19,79,0,12041,0,12041
1,80,0,8266,0,8266
2,80,5,16975,0,12350
3,80,18,3897,0,2393
4,80,0,959,0,959
5,80,0,5571,0,5571
6,80,484,149881,48,109698
7,80,0,4159,0,4159
8,80,78,20942,2,14201
9,80,15,2089,0,1463
10,80,191,9748,5,7528
11,80,803,136608,86,103125
12,80,1170,6714,0,5644
13,80,0,7105,0,7105
14,80,0,2931,0,2931
15,80,0,3861,0,3861
16,80,113,7403,6,5797
17,80,10,6161,2,3650
18,80,6,1452,0,1066
19,80,0,12041,0,12041
1,81,0,8266,0,8266
2,81,11,16975,6,12350
3,81,17,3897,0,2395
4,81,0,959,0,959
5,81,0,5571,0,5571
6,81,486,149881,70,109753
7,81,0,4159,0,4159
8,81,73,20942,9,14206
9,81,12,2089,0,1465
10,81,199,9748,13,7539
11,81,772,136608,33,103227
12,81,1070,6714,0,6714
13,81,0,7105,0,7105
14,81,0,2931,0,2931
15,81,0,3861,0,3861
16,81,113,7403,10,5797
17,81,9,6161,2,3650
18,81,6,1452,0,1067
19,81,0,12041,0,12041
1,82,0,8266,0,8266
2,82,11,16975,0,12350
3,82,15,3897,0,2395
4,82,0,959,0,959
5,82,0,5571,0,5571
6,82,505,149881,74,109791
7,82,0,4159,0,4159
8,82,68,20942,0,14214
9,82,12,2089,2,1467
10,82,192,9748,4,7583
11,82,720,136608,50,103299
12,82,0,6714,0,6714
13,82,0,7105,0,7105
14,82,0,2931,0,2931
15,82,0,3861,0,3861
16,82,123,7403,10,5802
17,82,10,6161,1,3650
18,82,5,1452,0,1067
19,82,0,12041,0,12041
1,83,0,8266,0,8266
2,83,11,16975,0,12351
3,83,19,3897,4,2398
4,83,0,959,0,959
5,83,0,5571,0,5571
6,83,503,149881,36,109837
7,83,0,4159,0,4159
8,83,67,20942,7,14217
9,83,10,2089,0,1468
10,83,158,9748,10,7600
11,83,719,136608,71,103398
12,83,0,6714,0,6714
13,83,0,7105,0,7105
14,83,0,2931,0,2931
15,83,0,3861,0,3861
16,83,124,7403,6,5822
17,83,10,6161,0,3650
18,83,5,1452,0,1067
19,83,0,12041,0,12041
1,84,0,8266,0,8266
2,84,10,16975,0,12351
3,84,16,3897,0,2400
4,84,0,959,0,959
5,84,0,5571,0,5571
6,84,500,149881,43,109875
7,84,0,4159,0,4159
8,84,69,20942,5,14224
9,84,9,2089,0,1468
10,84,150,9748,9,7627
11,84,693,136608,73,103494
12,84,0,6714,0,6714
13,84,0,7105,0,7105
14,84,0,2931,0,2931
15,84,0,3861,0,3861
16,84,108,7403,4,5840
17,84,10,6161,0,3652
18,84,5,1452,0,1067
19,84,0,12041,0,12041
1,85,0,8266,0,8266
2,85,10,16975,0,12351
3,85,14,3897,0,2404
4,85,0,959,0,959
5,85,0,5571,0,5571
6,85,487,149881,25,109904
7,85,0,4159,0,4159
8,85,62,20942,0,14233
9,85,9,2089,0,1472
10,85,161,9748,38,7674
11,85,639,136608,42,103588
12,85,0,6714,0,6714
13,85,0,7105,0,7105
14,85,0,2931,0,2931
15,85,0,3861,0,3861
16,85,110,7403,20,5857
17,85,8,6161,0,3654
18,85,5,1452,0,1068
19,85,0,12041,0,12041
1,86,0,8266,0,8266
2,86,10,16975,0,12353
3,86,10,3897,0,2408
4,86,0,959,0,959
5,86,0,5571,0,5571
6,86,519,149881,61,109973
7,86,0,4159,0,4159
8,86,56,20942,3,14235
9,86,5,2089,0,1472
10,86,119,9748,5,7687
11,86,563,136608,18,103643
12,86,0,6714,0,6714
13,86,0,7105,0,7105
14,86,0,2931,0,2931
15,86,0,3861,0,3861
16,86,103,7403,10,5865
17,86,6,6161,0,3655
18,86,4,1452,0,1068
19,86,0,12041,0,12041
1,87,0,8266,0,8266
2,87,8,16975,0,12353
3,87,6,3897,0,2410
4,87,0,959,0,959
5,87,0,5571,0,5571
6,87,480,149881,30,110030
7,87,0,4159,0,4159
8,87,54,20942,0,14256
9,87,7,2089,2,1475
10,87,137,9748,31,7706
11,87,556,136608,48,103702
12,87,0,6714,0,6714
13,87,0,7105,0,7105
14,87,0,2931,0,2931
15,87,0,3861,0,3861
16,87,96,7403,1,5888
17,87,5,6161,0,3655
18,87,4,1452,0,1068
19,87,0,12041,0,12041
1,88,0,8266,0,8266
2,88,8,16975,0,12355
3,88,4,3897,0,2410
4,88,0,959,0,959
5,88,0,5571,0,5571
6,88,437,149881,14,110066
7,88,0,4159,0,4159
8,88,44,20942,11,14263
9,88,4,2089,0,1475
10,88,131,9748,13,7709
11,88,520,136608,23,103778
12,88,0,6714,0,6714
13,88,0,7105,0,7105
14,88,0,2931,0,2931
15,88,0,3861,0,3861
16,88,79,7403,6,5894
17,88,5,6161,0,3655
18,88,4,1452,0,1072
19,88,0,12041,0,12041
1,89,0,8266,0,8266
2,89,6,16975,0,12355
3,89,4,3897,0,2410
4,89,0,959,0,959
5,89,0,5571,0,5571
6,89,416,149881,15,110114
7,89,0,4159,0,4159
8,89,40,20942,3,14265
9,89,5,2089,1,1475
10,89,154,9748,26,7714
11,89,481,136608,37,103864
12,89,0,6714,0,6714
13,89,0,7105,0,7105
14,89,0,2931,0,2931
15,89,0,3861,0,3861
16,89,79,7403,6,5900
17,89,5,6161,0,3657
18,89,0,1452,0,1072
19,89,0,12041,0,12041
1,90,0,8266,0,8266
2,90,6,16975,0,12361
3,90,4,3897,0,2410
4,90,0,959,0,959
5,90,0,5571,0,5571
6,90,398,149881,30,110184
7,90,0,4159,0,4159
8,90,40,20942,2,14274
9,90,5,2089,0,1475
10,90,158,9748,9,7727
11,90,430,136608,35,103897
12,90,0,6714,0,6714
13,90,0,7105,0,7105
14,90,0,2931,0,2931
15,90,0,3861,0,3861
16,90,79,7403,6,5910
17,90,3,6161,0,3659
18,90,0,1452,0,1072
19,90,0,12041,0,12041
1,91,0,8266,0,8266
2,91,0,16975,0,12361
3,91,4,3897,0,2410
4,91,0,959,0,959
5,91,0,5571,0,5571
6,91,345,149881,17,110258
7,91,0,4159,0,4159
8,91,31,20942,0,14274
9,91,5,2089,0,1477
10,91,153,9748,8,7731
11,91,433,136608,36,103947
12,91,0,6714,0,6714
13,91,0,7105,0,7105
14,91,0,2931,0,2931
15,91,0,3861,0,3861
16,91,76,7403,7,5920
17,91,1,6161,0,3660
18,91,0,1452,0,1072
19,91,0,12041,0,12041
1,92,0,8266,0,8266
2,92,0,16975,0,12361
3,92,4,3897,0,2414
4,92,0,959,0,959
5,92,0,5571,0,5571
6,92,293,149881,22,110294
7,92,0,4159,0,4159
8,92,31,20942,0,14281
9,92,3,2089,0,1477
10,92,156,9748,7,7741
11,92,421,136608,38,104018
12,92,0,6714,0,6714
13,92,0,7105,0,7105
14,92,0,2931,0,2931
15,92,0,3861,0,3861
16,92,68,7403,2,5926
17,92,0,6161,0,3660
18,92,0,1452,0,1072
19,92,0,12041,0,12041
1,93,0,8266,0,8266
2,93,0,16975,0,12361
3,93,0,3897,0,2414
4,93,0,959,0,959
5,93,0,5571,0,5571
6,93,271,149881,14,110337
7,93,0,4159,0,4159
8,93,26,20942,2,14286
9,93,3,2089,0,1477
10,93,165,9748,19,7750
11,93,380,136608,30,104091
12,93,0,6714,0,6714
13,93,0,7105,0,7105
14,93,0,2931,0,2931
15,93,0,3861,0,3861
16,93,74,7403,12,5930
17,93,0,6161,0,3660
18,93,0,1452,0,1072
19,93,0,12041,0,12041
1,94,0,8266,0,8266
2,94,0,16975,0,12361
3,94,0,3897,0,2414
4,94,0,959,0,959
5,94,0,5571,0,5571
6,94,246,149881,18,110362
7,94,0,4159,0,4159
8,94,21,20942,0,14286
9,94,3,2089,0,1477
10,94,159,9748,3,7788
11,94,348,136608,41,104133
12,94,0,6714,0,6714
13,94,0,7105,0,7105
14,94,0,2931,0,2931
15,94,0,3861,0,3861
16,94,97,7403,27,5950
17,94,0,6161,0,3660
18,94,0,1452,0,1072
19,94,0,12041,0,12041
1,95,0,8266,0,8266
2,95,0,16975,0,12361
3,95,0,3897,0,2414
4,95,0,959,0,959
5,95,0,5571,0,5571
6,95,231,149881,10,110423
7,95,0,4159,0,4159
8,95,21,20942,0,14289
9,95,3,2089,0,1477
10,95,150,9748,29,7793
11,95,357,136608,51,104151
12,95,0,6714,0,6714
13,95,0,7105,0,7105
14,95,0,2931,0,2931
15,95,0,3861,0,3861
16,95,113,7403,36,5960
17,95,0,6161,0,3660
18,95,0,1452,0,1072
19,95,0,12041,0,12041
1,96,0,8266,0,8266
2,96,0,16975,0,12361
3,96,0,3897,0,2414
4,96,0,959,0,959
5,96,0,5571,0,5571
6,96,182,149881,12,110453
7,96,0,4159,0,4159
8,96,20,20942,2,14289
9,96,3,2089,0,1479
10,96,162,9748,17,7824
11,96,361,136608,22,104199
12,96,0,6714,0,6714
13,96,0,7105,0,7105
14,96,0,2931,0,2931
15,96,0,3861,0,3861
16,96,127,7403,24,5961
17,96,0,6161,0,3660
18,96,0,1452,0,1072
19,96,0,12041,0,12041
1,97,0,8266,0,8266
2,97,0,16975,0,12361
3,97,0,3897,0,2414
4,97,0,959,0,959
5,97,0,5571,0,5571
6,97,176,149881,24,110467
7,97,0,4159,0,4159
8,97,20,20942,0,14300
9,97,1,2089,0,1479
10,97,135,9748,4,7837
11,97,348,136608,35,104222
12,97,0,6714,0,6714
13,97,0,7105,0,7105
14,97,0,2931,0,2931
15,97,0,3861,0,3861
16,97,132,7403,6,5967
17,97,0,6161,0,3660
18,97,0,1452,0,1072
19,97,0,12041,0,12041
1,98,0,8266,0,8266
2,98,0,16975,0,12361
3,98,0,3897,0,2414
4,98,0,959,0,959
5,98,0,5571,0,5571
6,98,174,149881,12,110482
7,98,0,4159,0,4159
8,98,9,20942,0,14303
9,98,1,2089,0,1480
10,98,125,9748,3,7863
11,98,350,136608,25,104259
12,98,0,6714,0,6714
13,98,0,7105,0,7105
14,98,0,2931,0,2931
15,98,0,3861,0,3861
16,98,145,7403,19,5973
17,98,0,6161,0,3660
18,98,0,1452,0,1072
19,98,0,12041,0,12041
1,99,0,8266,0,8266
2,99,0,16975,0,12361
3,99,0,3897,0,2414
4,99,0,959,0,959
5,99,0,5571,0,5571
6,99,165,149881,6,110512
7,99,0,4159,0,4159
8,99,6,20942,0,14305
9,99,0,2089,0,1480
10,99,111,9748,12,7872
11,99,344,136608,31,104294
12,99,0,6714,0,6714
13,99,0,7105,0,7105
14,99,0,2931,0,2931
15,99,0,3861,0,3861
16,99,156,7403,17,5979
17,99,0,6161,0,3660
18,99,0,1452,0,1072
19,99,0,12041,0,12041
